Price,Close,High,Low,Open,Volume,company_name
Ticker,GOOG,GOOG,GOOG,GOOG,GOOG,
Date,,,,,,
2022-01-03,144.3905792236328,144.86384720648968,142.82599898007854,143.7944040179392,25214000,GOOGLE
2022-01-04,143.73570251464844,145.91885874125447,143.13817563356898,144.86435933884624,22928000,GOOGLE
2022-01-05,137.0045928955078,143.61777087671226,136.8752008669586,143.501318051018,49642000,GOOGLE
2022-01-06,136.90255737304688,139.0275023594518,136.1187788867449,136.84931225353333,29050000,GOOGLE
2022-01-07,136.358642578125,137.60299288950893,135.14887274002535,137.25489494126603,19408000,GOOGLE
2022-01-10,137.92074584960938,137.98642900515065,132.5128580214715,134.46212146194205,34096000,GOOGLE
2022-01-11,139.35745239257812,139.6679780857741,136.16856143154644,137.52910651279794,23502000,GOOGLE
2022-01-12,140.98023986816406,142.14100166724262,140.44677116766908,140.8871899997457,23642000,GOOGLE
2022-01-13,138.47511291503906,142.51050378513614,138.2591406229541,141.1718430961465,26566000,GOOGLE
2022-01-14,139.12753295898438,140.5348686943984,136.85181269653864,136.85181269653864,23826000,GOOGLE
2022-01-18,135.6479949951172,136.74380258604572,134.977677547284,135.9560451811666,27382000,GOOGLE
2022-01-19,135.01251220703125,137.74707290271272,134.86123592238502,136.29296169878677,20796000,GOOGLE
2022-01-20,132.87713623046875,137.26187053763397,132.51684322341626,135.8704658414132,21930000,GOOGLE
2022-01-21,129.47872924804688,134.12522429110854,129.38817001567028,132.3849622689666,41920000,GOOGLE
2022-01-24,129.7574005126953,130.16199356466964,124.05437130021804,125.43338345811094,55148000,GOOGLE
2022-01-25,126.13804626464844,128.72877976438997,125.78223339602185,127.83003676415723,36008000,GOOGLE
2022-01-26,128.63075256347656,132.18142461234768,126.5540865100089,129.97687003359317,39630000,GOOGLE
2022-01-27,128.51231384277344,131.98481923386052,128.33714862584642,130.74174455587274,30248000,GOOGLE
2022-01-28,132.66114807128906,132.7417599012003,128.08780872769168,129.38715053848992,30518000,GOOGLE
2022-01-31,135.0587921142578,135.2031128080087,131.6504363679538,133.56536224354517,34056000,GOOGLE
2022-02-01,137.228515625,137.54850270161393,133.9338788712922,137.1852330826009,51204000,GOOGLE
2022-02-02,147.33863830566406,151.38298955602258,144.8713207028378,151.14759326611338,89750000,GOOGLE
2022-02-03,141.97802734375,148.41474907406587,141.53463185343347,144.61006160963422,56930000,GOOGLE
2022-02-04,142.341796875,143.85387616294236,139.1583737433713,142.34278402062063,49224000,GOOGLE
2022-02-07,138.2830352783203,143.16838917138665,138.0451635287187,143.031540398121,44610000,GOOGLE
2022-02-08,138.5567169189453,139.177874507758,136.2277518355786,138.33602153055318,34256000,GOOGLE
2022-02-09,140.7861785888672,141.50527629268478,139.7152469567636,140.18576617660892,28628000,GOOGLE
2022-02-10,137.94911193847656,140.76428464107363,137.39922617971627,138.84238774615775,33018000,GOOGLE
2022-02-11,133.49771118164062,138.62666262124267,132.66017111791203,138.09592747451066,38808000,GOOGLE
2022-02-14,134.66220092773438,135.52461711058578,132.67361837541173,132.73681089723618,26792000,GOOGLE
2022-02-15,135.78237915039062,137.24991553166694,134.90055428928034,136.82343820884427,26578000,GOOGLE
2022-02-16,136.83935546875,137.29569010688851,134.18806458559828,135.78733160516074,25610000,GOOGLE
2022-02-17,131.68478393554688,136.19441489911532,131.57877967167903,135.508166378858,30968000,GOOGLE
2022-02-18,129.8524627685547,133.19314623086856,129.69277295982343,132.41035483750255,31858000,GOOGLE
2022-02-22,128.79246520996094,131.27894837207833,127.13879884935457,129.3722234323192,38906000,GOOGLE
2022-02-23,126.9835433959961,131.12790751167353,126.90243039415532,130.46058183972337,26432000,GOOGLE
2022-02-24,132.0480499267578,132.40984641796186,124.17634512011715,124.41073147561384,43166000,GOOGLE
2022-02-25,133.8853759765625,134.75078395837807,131.14385934962573,132.89605841094038,26236000,GOOGLE
2022-02-28,134.25511169433594,135.00107492479896,132.19909980273974,132.6561786387756,29676000,GOOGLE
2022-03-01,133.5355224609375,135.46935622694352,132.7497392347727,133.84604814898742,24640000,GOOGLE
2022-03-02,134.1162567138672,134.97618210956756,132.8034744336077,133.9736825017125,23966000,GOOGLE
2022-03-03,133.6748504638672,136.06931661904682,132.80198586779477,135.33747717546032,19780000,GOOGLE
2022-03-04,131.49916076660156,133.56638068472472,129.79373736556602,132.75373191549508,24446000,GOOGLE
2022-03-07,125.86833190917969,131.28219596686398,125.81409204819869,131.28219596686398,39178000,GOOGLE
2022-03-08,126.67849731445312,130.62779399578713,125.26742565490902,125.65534355102515,35250000,GOOGLE
2022-03-09,133.23492431640625,133.56586109247309,129.47473473950458,130.78054616700004,32258000,GOOGLE
2022-03-10,132.0565185546875,132.90897198123815,130.78155160120755,130.8427546317789,24266000,GOOGLE
2022-03-11,129.86041259765625,133.56735727638488,129.68225558105098,133.36780197861034,26600000,GOOGLE
2022-03-14,126.14351654052734,130.4083198936715,125.81706747144618,129.95745250454905,30254000,GOOGLE
2022-03-15,129.0492706298828,129.901967097563,125.97134270046584,127.13931072888491,30292000,GOOGLE
2022-03-16,133.0602569580078,133.1403676206702,128.59191959096097,130.38243466531745,32058000,GOOGLE
2022-03-17,133.9659881591797,134.1043404463833,132.09335730013163,132.6925244556798,23994000,GOOGLE
2022-03-18,136.15658569335938,136.26805721444535,132.30533576097307,133.25284369020392,45900000,GOOGLE
2022-03-21,135.83511352539062,136.93391293728004,133.9769105615314,136.20237726623708,26632000,GOOGLE
2022-03-22,139.6162109375,140.83295156672966,135.8565221827463,135.8565221827463,29776000,GOOGLE
2022-03-23,137.85057067871094,139.3648977642606,137.51516893887396,138.48258692526088,25302000,GOOGLE
2022-03-24,140.6458282470703,140.72993305890722,137.38865755203653,138.6159529942496,20544000,GOOGLE
2022-03-25,140.85435485839844,141.2902936112914,139.04093773013886,141.08575701056114,19270000,GOOGLE
2022-03-28,141.2808380126953,141.30721758576396,139.16899904193733,140.0213007231034,23774000,GOOGLE
2022-03-29,142.57469177246094,143.48289614557947,141.81229640550126,142.48562086098073,28678000,GOOGLE
2022-03-30,141.9720458984375,142.80410336854544,141.497790757229,142.19647725737113,21046000,GOOGLE
2022-03-31,138.99118041992188,141.9720567564034,138.96082189232544,141.7769815753248,29516000,GOOGLE
2022-04-01,140.03671264648438,140.28553410292335,138.14268384156574,139.34996299681578,23480000,GOOGLE
2022-04-04,142.96534729003906,143.36470087129743,140.16062342555867,140.16062342555867,19076000,GOOGLE
2022-04-05,140.39801025390625,142.913090408453,140.279066792075,142.7234976891602,19256000,GOOGLE
2022-04-06,136.52932739257812,139.18922944851172,135.77501139602575,138.5054715892277,23574000,GOOGLE
2022-04-07,135.82167053222656,137.05235257861952,134.22150747114017,135.97394913530644,19448000,GOOGLE
2022-04-08,133.37876892089844,135.6077138010173,133.12198951371806,135.6077138010173,16434000,GOOGLE
2022-04-11,129.18463134765625,132.31251681763592,129.00647430527746,132.2735017769854,24188000,GOOGLE
2022-04-12,127.76932525634766,131.79923382489685,126.9745894106072,131.79923382489685,23004000,GOOGLE
2022-04-13,129.67181396484375,130.03982189745568,127.83312593210778,128.0201368962124,19542000,GOOGLE
2022-04-14,126.65310668945312,130.09406113229227,126.51227896811446,130.03360225613037,23484000,GOOGLE
2022-04-18,127.35777282714844,128.10523955678553,125.98174486504385,126.80937541954968,14918000,GOOGLE
2022-04-19,129.9156494140625,130.2866339138669,126.8506610697947,127.47320823322322,22720000,GOOGLE
2022-04-20,127.64093780517578,131.30159318507793,127.29114650395485,130.66511197660427,22610000,GOOGLE
2022-04-21,124.3485336303711,129.69321411801107,124.06239044935717,128.74023879180965,30158000,GOOGLE
2022-04-22,119.05013275146484,124.8606172041376,118.57886934664887,124.41074448945997,46410000,GOOGLE
2022-04-25,122.66898345947266,122.69685134233372,118.20935526541926,118.86649057408276,34522000,GOOGLE
2022-04-26,118.94263458251953,122.17134535227201,118.60011019293634,122.17134535227201,49394000,GOOGLE
2022-04-27,114.478271484375,116.94608246356603,112.59096289673455,113.83382483477651,62238000,GOOGLE
2022-04-28,118.84858703613281,119.87074613020587,114.60110371502243,116.56291170180167,36790000,GOOGLE
2022-04-29,114.42453002929688,118.39920382909824,114.15331554632759,117.02372261120375,33694000,GOOGLE
2022-05-02,116.60470581054688,116.7863482177108,112.8649194113388,113.36953312003291,30280000,GOOGLE
2022-05-03,117.57261657714844,118.73760032015089,116.07719721584007,116.21454714377273,21216000,GOOGLE
2022-05-04,121.9971694946289,122.56249269102042,115.19290278103787,117.44722479877245,33232000,GOOGLE
2022-05-05,116.19613647460938,120.66174056447177,114.6395140371418,119.65375851194783,43090000,GOOGLE
2022-05-06,115.1147689819336,116.94459545809681,113.60491440348825,114.97442723306982,35310000,GOOGLE
2022-05-09,112.55089569091797,115.01810669548634,112.02090480325276,112.76935860910996,34520000,GOOGLE
2022-05-10,114.0443344116211,116.14090277478489,112.84879466967709,115.49346428860967,31158000,GOOGLE
2022-05-11,113.42377471923828,116.12099859054145,113.11424378170662,113.17445967196558,36502000,GOOGLE
2022-05-12,112.62754821777344,114.31505104829904,109.59441390034478,111.41031401551595,41464000,GOOGLE
2022-05-13,115.96623229980469,117.5283296267956,113.46258780821272,114.30409914599453,29738000,GOOGLE
2022-05-16,114.25135803222656,116.05779674581578,113.79601048856615,114.84006896362847,23282000,GOOGLE
2022-05-17,116.15135192871094,116.67487325941799,114.79378360446997,116.67487325941799,21576000,GOOGLE
2022-05-18,111.87113189697266,115.15024783136839,111.6133501748817,114.694262429826,27982000,GOOGLE
2022-05-19,110.22342681884766,113.05203203540303,109.9472386426884,111.31376719646522,29192000,GOOGLE
2022-05-20,108.79769897460938,112.01943917981689,105.87155578719276,111.55712842061624,37586000,GOOGLE
2022-05-23,111.14008331298828,111.477489710384,108.63968124325673,109.58494917726688,31558000,GOOGLE
2022-05-24,105.4266586303711,105.89344189411389,101.72618327920769,105.87603016155659,60386000,GOOGLE
2022-05-25,105.34056091308594,106.04243671399546,103.71998654837991,104.6463468817272,37900000,GOOGLE
2022-05-26,107.78548431396484,108.44163252635346,104.99072271727893,105.55057106125517,30288000,GOOGLE
2022-05-27,112.26725769042969,112.33592506701245,109.033573258283,109.2709438423787,29924000,GOOGLE
2022-05-31,113.50140380859375,115.88461649074245,112.04181778675998,112.54593030967679,51302000,GOOGLE
2022-06-01,113.59894561767578,116.84556919378318,113.01520838313238,114.38970249768265,28630000,GOOGLE
2022-06-02,117.19093322753906,117.34221710629116,112.77385097575305,113.6497074085584,27472000,GOOGLE
2022-06-03,114.02393341064453,115.81594458724007,113.13215356534883,115.4456966033437,25052000,GOOGLE
2022-06-06,116.45889282226562,118.83563591426454,115.97896536653525,116.19215846254471,23786000,GOOGLE
2022-06-07,116.67686462402344,117.19356706434064,114.58278686076801,115.10282281622644,26414000,GOOGLE
2022-06-08,116.68531799316406,118.08668516675237,116.1466174166489,116.32552617837696,22544000,GOOGLE
2022-06-09,114.37625885009766,117.79207910560775,114.32549678098384,115.79304832164932,23142000,GOOGLE
2022-06-10,110.90221405029297,112.96196192268607,110.33838679236891,112.24958442171445,31324000,GOOGLE
2022-06-13,106.37267303466797,108.70362779893402,106.08558068776968,106.93948450933533,36756000,GOOGLE
2022-06-14,106.68867492675781,107.94621505278263,105.8506413601734,106.386107168595,25480000,GOOGLE
2022-06-15,109.87010955810547,111.53472581057754,107.60906744849383,108.38613338094682,33192000,GOOGLE
2022-06-16,106.13330841064453,108.77529008390815,105.29378651884345,107.63967003050202,35314000,GOOGLE
2022-06-17,107.35701751708984,108.73448834467797,105.13060890427475,106.03279181468183,43516000,GOOGLE
2022-06-21,111.4869384765625,112.14183367899099,108.77827156893109,109.18484648717131,39010000,GOOGLE
2022-06-22,111.50585174560547,113.23317447264614,110.20232585303906,110.63896317499959,23922000,GOOGLE
2022-06-23,112.1532974243164,112.66288484593582,110.50559928223115,112.41754115742127,24710000,GOOGLE
2022-06-24,117.97920227050781,118.07822817573229,113.06746117999977,113.06746117999977,39122000,GOOGLE
2022-06-27,116.07272338867188,118.68783942947847,115.4539045234558,118.37432195203178,32840000,GOOGLE
2022-06-28,112.04083251953125,117.30091470055925,111.9139311338108,115.8025109462013,28232000,GOOGLE
2022-06-29,111.72730255126953,113.12866212637896,111.02811487234999,111.61980998211311,18628000,GOOGLE
2022-06-30,108.8569107055664,110.80498978603725,106.80413342295978,109.97859688362662,38046000,GOOGLE
2022-07-01,108.56678009033203,109.28871013062435,106.60009726160429,107.82628411703544,31028000,GOOGLE
2022-07-05,113.3501205444336,113.51493590818501,105.74862031485087,107.00766390008619,36398000,GOOGLE
2022-07-06,114.67036437988281,115.80349370763895,111.72133503156087,113.55415321022511,28852000,GOOGLE
2022-07-07,118.74356842041016,119.29694708692082,114.98934719205599,115.46111928673244,32184000,GOOGLE
2022-07-08,119.60200500488281,119.86724344753114,116.96001598143374,116.99584936851812,29082000,GOOGLE
2022-07-11,115.97319793701172,118.23449061320869,115.68655359916379,118.09067107470861,26718000,GOOGLE
2022-07-12,114.30809020996094,117.29394790177244,114.07469098949888,116.28771228019878,24970000,GOOGLE
2022-07-13,111.65814208984375,114.61414259589735,111.29585958107427,112.10801480483113,38958000,GOOGLE
2022-07-14,110.91466522216797,111.45958487019118,108.81013120292482,110.30355365402245,32366000,GOOGLE
2022-07-15,112.23540496826172,113.46309536751616,111.29536124953374,112.43048015695064,34330000,GOOGLE
2022-07-18,109.39187622070312,114.25882363339025,108.78475121807577,112.90523421049274,33354000,GOOGLE
2022-07-19,114.07966613769531,114.26876528446563,109.97908572804702,111.20329065689758,30992300,GOOGLE
2022-07-20,114.15928649902344,115.78160733043346,112.72608000664897,113.52230414831732,26780100,GOOGLE
2022-07-21,114.4976806640625,114.66687742959162,111.382438807759,114.5474403985797,27267800,GOOGLE
2022-07-22,107.84917449951172,112.64645195656841,107.09275513306062,111.28290761872518,44455300,GOOGLE
2022-07-25,107.69988250732422,110.05871274028323,106.50554250706286,108.36672221424634,28289900,GOOGLE
2022-07-26,104.94294738769531,107.23210039426073,104.26615267413928,106.92356419615227,36626600,GOOGLE
2022-07-27,113.06448364257812,113.86071544869114,107.90890206124106,109.08333979887165,41474600,GOOGLE
2022-07-28,114.0498046875,114.15928674114375,111.32371825731367,112.26824965477783,23303800,GOOGLE
2022-07-29,116.09014129638672,116.34891774434884,112.69622048594888,112.86541725855054,31336200,GOOGLE
2022-08-01,114.93561553955078,116.56788375789434,114.14933879151246,114.9853752769637,22856200,GOOGLE
2022-08-02,115.35363006591797,116.52806765771149,113.72136190016134,113.89055867008565,17911000,GOOGLE
2022-08-03,118.22005462646484,118.85703697688334,115.60245551750849,115.79155466960147,25302800,GOOGLE
2022-08-04,118.30963134765625,118.93665869753202,117.15509612047474,117.74231871869387,15757700,GOOGLE
2022-08-05,117.6626968383789,118.29967918809457,116.15981304759887,116.37877715408149,15615700,GOOGLE
2022-08-08,117.58307647705078,120.29025535976568,117.27454027569524,118.55846000728116,17061100,GOOGLE
2022-08-09,116.94609069824219,117.64278777566878,116.01051954275908,117.4337786524408,15424300,GOOGLE
2022-08-10,120.08124542236328,121.20591575637215,118.79732569941753,119.02623720422831,20497000,GOOGLE
2022-08-11,119.2551498413086,121.76326683374639,118.98642600382284,121.50449798088704,16671600,GOOGLE
2022-08-12,122.07181549072266,122.07181549072266,119.83242224622951,120.58884164608502,16121100,GOOGLE
2022-08-15,122.30072021484375,122.67893369052669,120.99689820575556,121.63388053030461,15525000,GOOGLE
2022-08-16,121.9324722290039,122.64708218790751,120.96207003901053,121.74336548664627,15626200,GOOGLE
2022-08-17,119.75279998779297,121.57417501943715,119.63336294535719,120.35992499834103,17589200,GOOGLE
2022-08-18,120.2902603149414,121.11634947442545,118.98643815260986,119.66323290116813,15652000,GOOGLE
2022-08-19,117.56317138671875,119.43430611556155,117.1152881827282,119.30492168423736,20187000,GOOGLE
2022-08-22,114.52754974365234,115.95080890345768,114.1294338596328,115.55269301943815,19316000,GOOGLE
2022-08-23,114.22895812988281,115.38349340587219,113.761180140572,113.7810825172417,14390700,GOOGLE
2022-08-24,114.15928649902344,115.17149812350758,113.24362531906196,113.91046503098421,16051200,GOOGLE
2022-08-25,117.1451416015625,117.22476629204917,114.50764017169033,114.60716723808446,14874700,GOOGLE
2022-08-26,110.77531433105469,116.05032459850652,110.69568964337142,115.26404789284761,31698700,GOOGLE
2022-08-29,109.81983947753906,111.43220532390005,109.29233918029928,110.25776769113976,20386100,GOOGLE
2022-08-30,109.39187622070312,110.84499271428425,108.287108271229,110.5065915618455,20548200,GOOGLE
2022-08-31,108.63545989990234,111.24310415562577,108.5359328263928,111.10376473402661,25898000,GOOGLE
2022-09-01,110.02885437011719,110.69569407092312,107.67997914350877,108.68521239036124,22784400,GOOGLE
2022-09-02,108.16767883300781,111.14856302776828,107.62026851562966,110.8151355477284,20618100,GOOGLE
2022-09-06,106.97332763671875,108.36672176679409,106.00789913700333,107.62523866045296,20565100,GOOGLE
2022-09-07,109.95918273925781,110.46677304944285,107.10768334570685,107.2520040445576,22987200,GOOGLE
2022-09-08,108.90418243408203,110.05871773436151,107.5505929892028,108.66531594187654,21660700,GOOGLE
2022-09-09,111.2530517578125,111.47201586105956,109.48144414925493,109.53121147942143,21732900,GOOGLE
2022-09-12,111.34263610839844,112.10900290851234,110.40706493467108,111.46206555632702,19732900,GOOGLE
2022-09-13,104.81355285644531,108.85441866438423,104.50501666571037,108.3766781042324,33015000,GOOGLE
2022-09-14,105.37091827392578,105.59982977275591,104.0073738921362,104.9429450441253,22115800,GOOGLE
2022-09-15,103.41020202636719,105.7093099253704,102.82297942235097,104.51496993474163,26494900,GOOGLE
2022-09-16,103.14147186279297,103.53958772904764,101.37484552019858,102.48458713788705,64540100,GOOGLE
2022-09-19,103.36044311523438,103.52963990222656,101.88742417970487,102.05662096669705,19738600,GOOGLE
2022-09-20,101.34996032714844,102.68363972655627,100.64330828207629,102.3950059177079,24001700,GOOGLE
2022-09-21,99.53853607177734,103.00212644130289,99.5186261032401,101.75801917770903,26596800,GOOGLE
2022-09-22,100.09590148925781,101.20066943281867,98.94137380733588,98.98117856065326,21272700,GOOGLE
2022-09-23,98.70249938964844,99.63807055141359,97.54797171167087,99.58830321979381,25657000,GOOGLE
2022-09-26,98.34420013427734,99.966521057017,97.9162268814197,98.14514598601151,22437900,GOOGLE
2022-09-27,97.62759399414062,99.98642440036555,96.8811295407892,99.43902169063198,24225000,GOOGLE
2022-09-28,100.26509857177734,100.92199090493601,97.33896321464246,97.55791973226661,24617000,GOOGLE
2022-09-29,97.62759399414062,98.8318966610985,96.06499537552882,98.8318966610985,21921500,GOOGLE
2022-09-30,95.69673919677734,99.02497695216614,95.57730215714852,97.26929271479445,26277800,GOOGLE
2022-10-03,98.83189392089844,99.49873365831401,96.56263566714686,96.76169740524554,24840000,GOOGLE
2022-10-04,101.92723846435547,102.23577468101654,100.56369397012405,100.56369397012405,22580900,GOOGLE
2022-10-05,101.73812103271484,102.25566633478026,99.26980877800762,100.21533489370934,18475500,GOOGLE
2022-10-06,101.75802612304688,103.24100754973763,101.02151669888987,101.02151669888987,17156200,GOOGLE
2022-10-07,99.10061645507812,100.94189384574065,98.74231292470361,100.17552704620165,24249900,GOOGLE
2022-10-10,98.24465942382812,99.51862402013333,97.40862300503832,99.37928461700169,16529900,GOOGLE
2022-10-11,97.5877914428711,99.64803307691449,96.79155963727501,97.78684559755548,21617700,GOOGLE
2022-10-12,97.83659362792969,99.17823841242381,97.20955873688412,97.80672867653361,17343400,GOOGLE
2022-10-13,99.23995971679688,100.05609388016398,94.82088773331058,95.47778009558193,32812200,GOOGLE
2022-10-14,96.72188568115234,100.81251140594685,96.57259127497312,100.15064536018114,22624800,GOOGLE
2022-10-17,100.3049087524414,101.29023963747129,99.04089903879125,99.05084643022157,23311600,GOOGLE
2022-10-18,100.91203308105469,103.72869389685495,100.17552366831033,103.45001507005593,21610500,GOOGLE
2022-10-19,99.81722259521484,101.17976466249833,99.16531155367703,100.22528586061577,21573700,GOOGLE
2022-10-20,100.05609130859375,102.51444872102721,99.49873362893977,100.34472513367996,25125100,GOOGLE
2022-10-21,101.0016098022461,101.14094921156882,97.76693084088724,97.99584233044817,28988700,GOOGLE
2022-10-24,102.48458099365234,102.61396541522102,99.82716970537159,101.60872462171638,24680800,GOOGLE
2022-10-25,104.43534851074219,104.60454528924555,102.53434882019566,102.81303524726017,29910200,GOOGLE
2022-10-26,94.37300109863281,98.07546556201854,94.12417964376472,96.30385801830623,71504300,GOOGLE
2022-10-27,92.1634750366211,94.72135955736707,91.46677792724631,93.86541305531863,54036500,GOOGLE
2022-10-28,96.12471008300781,96.40338890857451,91.88777441497635,92.09379931675498,35696900,GOOGLE
2022-10-31,94.21376037597656,95.895788266276,93.93507396490948,95.32847564653179,29868700,GOOGLE
2022-11-01,90.07337188720703,95.71166729279447,90.00370217953972,95.13937335734343,43220600,GOOGLE
2022-11-02,86.65953826904297,90.86960073686399,86.59982354820654,90.48143986457043,43553600,GOOGLE
2022-11-03,83.0964126586914,86.14199249274185,83.05660031387845,85.93795707311106,48510400,GOOGLE
2022-11-04,86.29127502441406,86.32113997661736,83.48456939811388,85.10689009690097,40173300,GOOGLE
2022-11-07,88.23210144042969,88.52073527862716,86.55006574637275,86.92827167568535,26899900,GOOGLE
2022-11-08,88.4908676147461,89.97881508466742,87.23680533110023,88.73968907456474,30172000,GOOGLE
2022-11-09,86.98798370361328,89.06812745884204,86.94817135890763,88.1275826462776,26743900,GOOGLE
2022-11-10,93.72606658935547,94.10428007181585,91.21794959067762,91.90469166304018,42371200,GOOGLE
2022-11-11,96.27400970458984,96.90103709613888,93.7161252119438,94.26352790803072,30569100,GOOGLE
2022-11-14,95.57730102539062,96.72188129630366,94.66462406346555,95.04980072844313,24170100,GOOGLE
2022-11-15,98.25462341308594,99.94660637385905,96.56263285888416,98.2048560816514,31831000,GOOGLE
2022-11-16,98.52334594726562,99.37929240122082,97.44047747427246,97.55791744035602,24660200,GOOGLE
2022-11-17,98.0356674194336,99.01105100491857,96.64226555163904,96.721890251154,21818700,GOOGLE
2022-11-18,97.3389663696289,98.69255583325732,96.28395812703593,98.54326142602511,24969900,GOOGLE
2022-11-21,95.37825012207031,98.25462578075462,95.21900073238524,97.10009048582435,18696900,GOOGLE
2022-11-22,96.87117767333984,97.08814471273037,93.96494469164605,95.70669500233242,18868900,GOOGLE
2022-11-23,98.3541488647461,98.6019755918307,96.88112244359954,96.88112244359954,17568900,GOOGLE
2022-11-25,97.139892578125,98.47357949893839,97.07022287585006,98.00081266911414,8567800,GOOGLE
2022-11-28,95.79627227783203,97.36882589453009,95.43796872988996,96.7417908889169,19974500,GOOGLE
2022-11-29,94.99008178710938,95.93560028567009,93.94502863107638,95.54743942049858,20220000,GOOGLE
2022-11-30,100.97175598144531,100.97175598144531,94.22371849607283,94.67160172693039,39888100,GOOGLE
2022-12-01,100.80255889892578,102.10638105185998,100.19543386738488,100.9219959454914,21771500,GOOGLE
2022-12-02,100.35467529296875,100.67316646508776,98.70249711711934,98.90155884558654,18821500,GOOGLE
2022-12-05,99.39920043945312,101.27033510130242,98.88662883486676,99.3444594140396,19955500,GOOGLE
2022-12-06,96.85126495361328,99.7375954766375,96.30386228470965,99.20014019910097,20877600,GOOGLE
2022-12-07,94.70145416259766,96.85126774119126,94.57704342607123,96.31381244818569,26647900,GOOGLE
2022-12-08,93.5071029663086,95.4180575774107,93.35781616291882,95.23890581991452,25593200,GOOGLE
2022-12-09,92.63125610351562,94.04456022391321,92.5814887723829,93.45734520237579,21885300,GOOGLE
2022-12-12,93.11894226074219,93.43245973529034,91.4667716883068,92.65115669345715,27380900,GOOGLE
2022-12-13,95.39814758300781,99.32953126219154,94.93036201669989,97.60768339373894,34788500,GOOGLE
2022-12-14,94.86068725585938,96.76168678046346,93.4971505683919,95.08960633117948,26452900,GOOGLE
2022-12-15,90.77007293701172,93.58673391521872,90.0037061191262,93.09904594020067,28298800,GOOGLE
2022-12-16,90.43167114257812,91.31747492401254,89.58567970556449,90.77006468001228,48485500,GOOGLE
2022-12-19,88.72972869873047,90.77005998921432,88.50579091718598,90.45156884373534,23020500,GOOGLE
2022-12-20,89.20747375488281,89.35676816069653,87.62497279617249,88.31172250685827,21976800,GOOGLE
2022-12-21,89.82454681396484,90.48641280696336,88.49086743686348,89.3070015196909,20336400,GOOGLE
2022-12-22,87.84394073486328,88.75960199333768,86.53016357470415,88.51078050396339,23656100,GOOGLE
2022-12-23,89.3866195678711,89.67525337496662,87.20694872455337,87.20694872455337,17815000,GOOGLE
2022-12-27,87.51549530029297,89.07809396328607,87.12236068480412,88.88898719983534,15470900,GOOGLE
2022-12-28,86.05241394042969,88.10270036774263,85.96284185850402,87.08751213877628,17879600,GOOGLE
2022-12-29,88.53067779541016,88.94372235525123,86.57991834200945,86.61973068923339,18280700,GOOGLE
2022-12-30,88.31172180175781,88.41124887369601,86.619731205093,86.95315107247184,19190300,GOOGLE
2023-01-03,89.27714538574219,91.11843044134119,88.60035064579858,89.4065374171645,20738500,GOOGLE
2023-01-04,88.29181671142578,90.80988897844387,87.38611043526997,90.58097745967638,27046500,GOOGLE
2023-01-05,86.36094665527344,87.7941606559298,86.15193754574908,87.65482124958022,23136100,GOOGLE
2023-01-06,87.74439239501953,88.05292853717987,85.16659844118601,86.94816078459799,26612600,GOOGLE
2023-01-09,88.38137817382812,90.4018070436433,88.16241409255063,88.7745127063562,22996700,GOOGLE
2023-01-10,88.8193130493164,89.05320584713402,86.29128591056448,86.31119588121177,22855600,GOOGLE
2023-01-11,91.82508087158203,92.01418003236891,89.31695610724726,89.63544729709926,25998800,GOOGLE
2023-01-12,91.47672271728516,92.18337473330077,90.14303577928821,91.9644106394932,22754200,GOOGLE
2023-01-13,92.36253356933594,92.54168533315664,90.50134622261136,91.0965267592125,18630700,GOOGLE
2023-01-17,91.72554779052734,92.53172690097314,90.41176317583279,92.34262015914376,22935800,GOOGLE
2023-01-18,91.34733581542969,93.14681132961738,90.96912991895344,92.5018710679812,19641600,GOOGLE
2023-01-19,93.46730041503906,93.95498836892797,90.94922076610231,90.95917575103884,28707700,GOOGLE
2023-01-20,98.8119888305664,98.95132825740284,95.4578800073093,95.49768476346605,53704800,GOOGLE
2023-01-23,100.73287963867188,100.92198637945205,98.2844773668706,98.66268325500256,31791800,GOOGLE
2023-01-24,98.7423095703125,100.61344425937016,98.23471165395418,99.08071071236088,27391400,GOOGLE
2023-01-25,96.27400970458984,97.25934063228942,94.81292767591877,96.74178770521466,31000900,GOOGLE
2023-01-26,98.69255065917969,98.74231039669573,96.36357777137192,97.8166942324974,24542100,GOOGLE
2023-01-27,100.23523712158203,101.10113854540126,98.50344186737202,98.58306655785783,29020400,GOOGLE
2023-01-30,97.48824310302734,98.94036475098629,97.06026989637677,98.27950110151227,24365100,GOOGLE
2023-01-31,99.39920043945312,99.439012784611,97.3290040518145,97.39867375748366,22306800,GOOGLE
2023-02-01,100.95184326171875,101.70826262782808,97.95603075102244,99.26980775877634,26392600,GOOGLE
2023-02-02,108.287109375,108.30701175196808,106.03776110616492,106.28658258212454,46622600,GOOGLE
2023-02-03,104.72398376464844,107.51077973262802,102.81303665630321,103.02204578439452,36823400,GOOGLE
2023-02-06,102.98222351074219,104.2064207991959,101.72816126964369,102.20092050857383,25573000,GOOGLE
2023-02-07,107.53069305419922,108.15772045801461,103.05986427177338,103.14147844720429,33738800,GOOGLE
2023-02-08,99.5285873413086,103.0917125905503,97.99087248930825,102.20590877068695,73546000,GOOGLE
2023-02-09,95.0099868774414,100.13571055317259,93.41753102694793,100.06604084700814,97798600,GOOGLE
2023-02-10,94.4128189086914,96.56263245463339,94.08437274682724,95.28866774690057,49325300,GOOGLE
2023-02-13,94.55216217041016,94.90051072287851,93.60664358607762,94.5621171557461,43116600,GOOGLE
2023-02-14,94.50238800048828,94.72633339048659,92.21323511171038,94.21376178748694,42513100,GOOGLE
2023-02-15,96.64225769042969,96.88112417611505,93.91517649802147,94.29338239980902,36964500,GOOGLE
2023-02-16,95.32847595214844,97.41857468456848,94.52229685661901,95.089609478182,35642100,GOOGLE
2023-02-17,94.14408874511719,95.29862402303579,93.00946343733028,94.62182931370424,31095100,GOOGLE
2023-02-21,91.61607360839844,92.97463678728393,91.56630627413868,92.80045871080388,28367200,GOOGLE
2023-02-22,91.36724853515625,91.9246062085135,90.44163234565723,91.500611925036,29891100,GOOGLE
2023-02-23,90.64067840576172,91.6956789343809,89.58567787714253,91.6956789343809,32423700,GOOGLE
2023-02-24,88.92879486083984,89.70511665849368,88.44110688933941,89.20747370169723,31295600,GOOGLE
2023-02-27,89.67525482177734,90.02360335546858,89.18756687460962,89.66529983697802,22724300,GOOGLE
2023-02-28,89.87431335449219,91.01888598257007,89.09798402975161,89.11789399864223,30546900,GOOGLE
2023-03-01,90.08332061767578,90.7700626617366,89.42642833948149,89.73497210352491,26323900,GOOGLE
2023-03-02,91.87483978271484,92.0440441581639,89.34681266394152,89.43639234428854,23328600,GOOGLE
2023-03-03,93.57677459716797,93.66635427447287,92.223192793545,92.30280989251439,30242500,GOOGLE
2023-03-06,95.12942504882812,95.8460320884577,93.85546035323266,93.91517507539227,28288200,GOOGLE
2023-03-07,93.72606658935547,95.63701359724607,93.40160698664005,94.97017390075743,24101500,GOOGLE
2023-03-08,94.20381927490234,95.7863203340434,93.95997147681692,93.95997147681692,25395200,GOOGLE
2023-03-09,92.22319793701172,95.46782460218897,91.9196354245641,94.04456541826838,24438900,GOOGLE
2023-03-10,90.58096313476562,92.74073150670257,90.37195402716799,92.06393685634582,32850100,GOOGLE
2023-03-13,91.22791290283203,92.64121711517166,89.51601987112868,90.13807358361221,31508600,GOOGLE
2023-03-14,93.8056869506836,94.38295453895668,92.3426156050454,92.63124939918194,32303900,GOOGLE
2023-03-15,96.09485626220703,96.79155335178928,92.60140064232174,93.09904359014584,38367300,GOOGLE
2023-03-16,100.59354400634766,101.48930282075987,95.41806044618829,96.11475752771521,54499500,GOOGLE
2023-03-17,101.97698211669922,103.00212527534774,100.27504431057966,100.36461638769899,76140300,GOOGLE
2023-03-20,101.4494857788086,102.09642309224357,100.31486053087639,100.5835843660484,26033900,GOOGLE
2023-03-21,105.34104919433594,105.46048622824132,101.37981582099496,101.49925285490033,33122800,GOOGLE
2023-03-22,103.72869110107422,107.00318241456304,103.71873611654871,104.64435224828523,32336900,GOOGLE
2023-03-23,105.75907897949219,106.59611020702042,104.91308750622107,105.39082047288845,31385800,GOOGLE
2023-03-24,105.56002044677734,105.65955511182464,104.24624335849856,105.24152926154093,25236200,GOOGLE
2023-03-27,102.57415771484375,104.90313056250179,102.14618449375519,104.8235058717345,25393400,GOOGLE
2023-03-28,100.8821792602539,102.51444752600926,99.80726866765536,102.51444752600926,24913500,GOOGLE
2023-03-29,101.41963195800781,102.33529313857,100.55373051502896,102.23576606997473,26148300,GOOGLE
2023-03-30,100.84236907958984,101.13100290751238,99.81722579725437,100.96180612358746,25009800,GOOGLE
2023-03-31,103.50972747802734,103.69883421774004,100.96179815461913,101.23052199061706,28108000,GOOGLE
2023-04-03,104.41545104980469,104.45525580497342,101.89737125663981,102.18600508890209,20719900,GOOGLE
2023-04-04,104.62445831298828,105.59983425918185,104.10690538390568,104.34577187778977,20377200,GOOGLE
2023-04-05,104.45525360107422,106.03776215237406,103.61125157152395,105.61974389106048,21864200,GOOGLE
2023-04-06,108.38663482666016,109.11318927328242,104.32089288146136,105.27138513441434,34684200,GOOGLE
2023-04-10,106.4458236694336,107.46101953690977,105.10218922688338,106.88375189410401,19741500,GOOGLE
2023-04-11,105.61974334716797,106.71455632786862,104.78369923541715,106.41596751793713,18721300,GOOGLE
2023-04-12,104.72398376464844,107.07982227374721,104.475162289288,106.8837523483541,22761600,GOOGLE
2023-04-13,107.67998504638672,107.75462845227459,105.93823470366691,105.96809206602205,21650700,GOOGLE
2023-04-14,108.9439926147461,109.06342965518762,107.08280526669972,107.18233993044869,20758700,GOOGLE
2023-04-17,105.91831970214844,106.20695351358656,104.82350677169838,104.93298882408622,29043400,GOOGLE
2023-04-18,104.62445831298828,106.54536043624745,104.28605715267598,106.49559310303333,17641400,GOOGLE
2023-04-19,104.52491760253906,105.22659595576813,103.31067523267343,103.72371218206571,16732000,GOOGLE
2023-04-20,105.4007797241211,106.38412117363356,104.14671734735809,104.15667233264995,22515300,GOOGLE
2023-04-21,105.41072845458984,106.13728287577679,104.9877289292179,105.58987261863996,22379000,GOOGLE
2023-04-24,106.27661895751953,106.81407421311313,104.86331491138166,105.5500645591004,21410900,GOOGLE
2023-04-25,104.11685180664062,106.93351254210845,104.06708447751939,106.10742347663711,31408100,GOOGLE
2023-04-26,103.95760345458984,106.51548777205272,102.78316585395933,105.06237134981976,37068200,GOOGLE
2023-04-27,107.85913848876953,108.63546029577351,103.92775452667003,104.73394128992177,38235200,GOOGLE
2023-04-28,107.7098388671875,107.77950857486836,105.54011535071814,107.29182062110233,23957900,GOOGLE
2023-05-01,107.20223999023438,108.16766849767576,106.99323086905045,107.21219497507987,20926300,GOOGLE
2023-05-02,105.48040771484375,107.22215811731625,104.00738117621532,107.15248840495451,20343100,GOOGLE
2023-05-03,105.61974334716797,107.62026255605073,105.12210039290142,105.71927041933552,17116300,GOOGLE
2023-05-04,104.71401977539062,105.79888526326037,104.20642188314228,105.65954585651426,19780600,GOOGLE
2023-05-05,105.71428680419922,105.93823220343529,104.24524690093706,104.8235092767686,20705300,GOOGLE
2023-05-08,107.729736328125,107.9088880816198,105.29128907712789,105.29626277265363,17266000,GOOGLE
2023-05-09,107.43116760253906,110.0736505781904,107.21717717524442,108.2672041535891,24782400,GOOGLE
2023-05-10,111.75070190429688,112.97490692724274,107.96861996362168,108.03828967429801,47533500,GOOGLE
2023-05-11,116.34891510009766,117.88165619022585,114.38820079913218,115.31381692520219,57115100,GOOGLE
2023-05-12,117.36410522460938,117.70250636108216,116.00056847437612,116.44844406803567,31272500,GOOGLE
2023-05-15,116.40863800048828,118.23498671652519,115.93090502061266,115.940852412348,22107900,GOOGLE
2023-05-16,119.52388000488281,120.62864796060592,116.27925344035776,116.27925344035776,32370100,GOOGLE
2023-05-17,120.9073257446289,121.70354985109103,118.89684411944845,119.61345113066413,26659600,GOOGLE
2023-05-18,122.93769836425781,123.3159118270961,120.91726941031143,120.98693911239828,27014500,GOOGLE
2023-05-19,122.66898345947266,125.88275782763722,122.14148316339876,123.61450199846229,30251300,GOOGLE
2023-05-22,125.2766342163086,126.4510718375126,122.86803665863356,122.92775897390055,29760200,GOOGLE
2023-05-23,122.70880126953125,124.82875753308413,122.46993477628996,124.34106956129973,24477900,GOOGLE
2023-05-24,121.06657409667969,122.17134203333526,120.18077026904467,121.30544058223454,23087900,GOOGLE
2023-05-25,123.76380157470703,125.38612247022512,122.32064004042262,124.61974806606005,33812700,GOOGLE
2023-05-26,124.83870697021484,125.40601961234306,122.70879581601918,123.48014388390779,25154700,GOOGLE
2023-05-30,124.05243682861328,125.78423220838057,122.3106864634564,125.69466012016127,27230700,GOOGLE
2023-05-31,122.78842163085938,124.31120781084275,122.5196901911984,123.11686019993697,41548800,GOOGLE
2023-06-01,123.78370666503906,124.45054637702194,122.71875108547152,122.91780522254956,25017700,GOOGLE
2023-06-02,124.6396484375,126.14750586980081,123.76379204305104,123.90313145245369,19362400,GOOGLE
2023-06-05,126.03304290771484,127.386632254605,123.79364977265178,124.02256885645558,22672500,GOOGLE
2023-06-06,127.30702209472656,128.2724506249467,125.37616503428626,126.0031924126324,19450100,GOOGLE
2023-06-07,122.3604507446289,128.93929113866884,122.05190695268048,126.97359541514106,34179300,GOOGLE
2023-06-08,122.09172058105469,123.14672880766358,121.43483582998583,122.00712219003826,24815000,GOOGLE
2023-06-09,122.29077911376953,123.69910954868807,121.842895910597,121.9822353266697,20304500,GOOGLE
2023-06-12,123.76380157470703,124.16191745798756,121.77322975173328,122.81330170681413,22255700,GOOGLE
2023-06-13,123.84342193603516,125.26668104339029,123.26118060940287,125.05767192050398,19287700,GOOGLE
2023-06-14,123.79364776611328,124.20171859784494,121.58411962047784,123.21638776054809,24659600,GOOGLE
2023-06-15,125.19700622558594,125.5652647185517,122.55949724141739,123.2960066339206,24517100,GOOGLE
2023-06-16,123.47515869140625,126.102712697508,123.20643485612625,126.102712697508,56686800,GOOGLE
2023-06-20,123.26615142822266,124.58490974007022,122.25096319883583,122.95264154792456,22698000,GOOGLE
2023-06-21,120.68836975097656,122.82823594386119,120.29025387430032,122.65405787486884,22612000,GOOGLE
2023-06-22,123.28605651855469,123.35074493293604,119.03618184029152,120.09118996670323,20781900,GOOGLE
2023-06-23,122.4400634765625,122.85808930986228,121.28553582452349,121.46468758352954,29542900,GOOGLE
2023-06-26,118.52859497070312,122.14148767141154,118.42906789873011,120.89340133145787,23185000,GOOGLE
2023-06-27,118.44896697998047,119.32978945906655,116.35886828697781,117.28447680532017,27221700,GOOGLE
2023-06-28,120.50921630859375,120.69831546247532,117.04561810118291,117.40392162586087,19753100,GOOGLE
2023-06-29,119.44426727294922,120.34002613379077,118.64803548699471,119.5238843768014,18517500,GOOGLE
2023-06-30,120.39973449707031,121.45473510328993,120.31015481900579,120.52911892824277,23865800,GOOGLE
2023-07-03,119.99166107177734,120.44949165700562,119.14069591223657,119.75279459109923,13888300,GOOGLE
2023-07-05,122.0519027709961,122.78841977763858,119.49401840420481,119.49401840420481,17830300,GOOGLE
2023-07-06,120.35992431640625,120.57888842958349,118.68784369892326,120.07129049389343,17732500,GOOGLE
2023-07-07,119.57363891601562,121.17604970854747,119.5238715871829,120.32010328793686,20982400,GOOGLE
2023-07-10,116.3190689086914,118.5086949085845,116.09014980459588,118.5086949085845,32960100,GOOGLE
2023-07-11,117.15509796142578,117.66766957312922,115.28396327359579,116.20957942944025,18286600,GOOGLE
2023-07-12,119.05610656738281,120.3897860786748,118.43902655255017,118.73761537114673,22059600,GOOGLE
2023-07-13,124.24153137207031,124.74414798012141,120.48929955905058,120.9670400962163,31535900,GOOGLE
2023-07-14,125.10742950439453,126.49087624165418,124.31120537283498,124.5401168682048,20482800,GOOGLE
2023-07-17,124.47044372558594,126.67997948767321,123.91308608953807,125.46572955763041,20675300,GOOGLE
2023-07-18,123.49507141113281,124.40077759573606,122.71874965477905,124.31617920879273,21071200,GOOGLE
2023-07-19,122.20118713378906,124.87850831802793,121.89265097117818,124.20171368233821,22313800,GOOGLE
2023-07-20,118.96651458740234,124.11214052954203,118.12549684226903,121.544308847439,27541700,GOOGLE
2023-07-21,119.74283599853516,120.72817443932317,118.50868369321594,120.30020122789568,56498100,GOOGLE
2023-07-24,121.30543518066406,122.76850657721761,120.80779226175079,121.35122355348278,22276100,GOOGLE
2023-07-25,122.2111587524414,123.10691759710738,120.95709636990905,121.30544492243777,31820800,GOOGLE
2023-07-26,129.04876708984375,130.75069739047112,128.10324856873333,129.7454641481958,46216900,GOOGLE
2023-07-27,129.2577667236328,132.97019382823336,128.5710170665658,131.17867628520125,35931600,GOOGLE
2023-07-28,132.38296508789062,133.43798084303444,130.30282131178834,130.35258864152686,26971000,GOOGLE
2023-07-31,132.48251342773438,133.1991205267683,131.5071374489387,132.38297875797917,18381900,GOOGLE
2023-08-01,131.26824951171875,132.29339271729313,130.13362425570162,130.23812501712436,22154300,GOOGLE
2023-08-02,128.0335693359375,129.8051769090741,127.24729261428382,129.22790930176964,22705800,GOOGLE
2023-08-03,128.16297912597656,129.15826509998956,127.17266684819903,127.76485562425611,15018100,GOOGLE
2023-08-04,127.93405151367188,131.30807033426711,127.71012128321605,128.98906739563424,20509500,GOOGLE
2023-08-07,131.31800842285156,131.4374378568212,128.81983139204422,128.89945607697592,17621000,GOOGLE
2023-08-08,131.21849060058594,131.31802526623122,129.516560200799,130.3625441113529,16836000,GOOGLE
2023-08-09,129.53643798828125,131.84550828393603,128.89448959572826,131.5668294809233,17745200,GOOGLE
2023-08-10,129.59617614746094,132.02168422066035,129.42199808776857,131.34787376182086,17855700,GOOGLE
2023-08-11,129.5563507080078,129.82508212621227,128.14304669503673,128.59291174561892,15191500,GOOGLE
2023-08-14,131.20855712890625,131.28818183249845,128.97911098890287,129.23789507229236,17526200,GOOGLE
2023-08-15,129.6558837890625,131.36777655849932,129.20700588957308,130.9696531313885,14769200,GOOGLE
2023-08-16,128.50137329101562,130.28093903180135,127.85444347973713,128.67057008493677,17548400,GOOGLE
2023-08-17,129.84500122070312,131.86641746660837,129.2378762328174,129.83503864241928,23665600,GOOGLE
2023-08-18,127.50607299804688,129.21796590382195,126.40130507846943,128.45159153409708,23619400,GOOGLE
2023-08-21,128.32220458984375,128.6506507612952,126.56055947050106,127.24730158221088,21851100,GOOGLE
2023-08-22,129.07862854003906,130.3326832848051,128.31723544734945,128.5212708756986,15569400,GOOGLE
2023-08-23,132.58203125,133.43797766580917,129.89474737667268,130.23315609872296,26497000,GOOGLE
2023-08-24,129.80517578125,134.33372933308772,129.68574634176144,134.09187864338082,18680400,GOOGLE
2023-08-25,130.07391357421875,130.78055804159237,127.43639689050404,129.52650330500572,20678100,GOOGLE
2023-08-28,131.16873168945312,132.61190849968008,130.23317563186578,131.457373126242,16715500,GOOGLE
2023-08-29,134.85128784179688,136.64777154543356,132.35311059131993,132.37103108273348,30803300,GOOGLE
2023-08-30,136.28448486328125,136.60298362663758,134.38448756755432,134.93091067958756,21773400,GOOGLE
2023-08-31,136.7025146484375,137.74755261910067,136.17501437416826,136.40392586245238,28147900,GOOGLE
2023-09-01,136.1551055908203,137.92671316640642,135.2991591632001,137.77741117868558,16665700,GOOGLE
2023-09-05,136.06553649902344,136.72241362411103,134.92094864878234,135.79680506470848,17730200,GOOGLE
2023-09-06,134.73184204101562,136.83189581359818,134.05505494574317,136.36909153343186,15814300,GOOGLE
2023-09-07,135.5579376220703,135.93615112687644,133.32850690790633,133.9654892815043,16976000,GOOGLE
2023-09-08,136.55322265625,136.8667401451377,135.22949058475626,135.22949058475626,17810700,GOOGLE
2023-09-11,137.09068298339844,137.6122148514715,135.9062903528029,136.73237945806582,17180800,GOOGLE
2023-09-12,135.4285430908203,136.9911338649846,135.28918850253046,136.48354358551512,15212900,GOOGLE
2023-09-13,136.85179138183594,137.0508454955657,134.2938997004994,135.25932809828697,16394900,GOOGLE
2023-09-14,138.33477783203125,138.89213544619693,136.41386835443595,137.73760028150744,19064600,GOOGLE
2023-09-15,137.64804077148438,138.70304137845025,136.53331025452835,138.14568371340093,48947600,GOOGLE
2023-09-18,138.304931640625,139.27034496584977,136.98119960666872,136.98119960666872,16233600,GOOGLE
2023-09-19,138.175537109375,138.51891194439125,136.85180509944482,137.5982694908963,15479100,GOOGLE
2023-09-20,133.9555206298828,138.18548554679785,133.88585851665223,138.17553815543835,21473500,GOOGLE
2023-09-21,130.74073791503906,132.5621126765059,130.4720065077786,131.76588103190238,22042700,GOOGLE
2023-09-22,130.63128662109375,132.3829845020388,129.89476951877987,131.05925230852196,17348700,GOOGLE
2023-09-25,131.54693603515625,131.59670336769975,129.41702480927034,130.15354184508422,14650000,GOOGLE
2023-09-26,128.83973693847656,130.78552239668738,127.5856823642646,130.29683976769567,20378800,GOOGLE
2023-09-27,130.8402862548828,131.09905511203914,128.77008983706102,128.82980455895424,18764200,GOOGLE
2023-09-28,132.50241088867188,133.54744888814088,130.07391096977557,130.07391096977557,18201400,GOOGLE
2023-09-29,131.2284393310547,134.2541014929729,130.70093906988754,133.44792242163658,23224200,GOOGLE
2023-10-02,134.5327911376953,134.72189788558038,131.44243271973966,131.5320048044671,19210400,GOOGLE
2023-10-03,132.6715850830078,134.60244174522663,132.18887091745313,134.29389042537213,19628700,GOOGLE
2023-10-04,135.6276092529297,135.9261980501909,132.8009858506282,133.02991253441417,22848000,GOOGLE
2023-10-05,135.3489227294922,135.85651302517516,133.82115536674453,135.48826213537708,15922900,GOOGLE
2023-10-06,138.0760040283203,138.5298632526382,134.3038772759261,134.3038772759261,20819300,GOOGLE
2023-10-09,138.84237670898438,139.31016227556893,136.05557327888786,137.33950053589038,16599100,GOOGLE
2023-10-10,138.5437774658203,140.07652607085404,137.77740316330343,138.85231362756124,19554900,GOOGLE
2023-10-11,141.03199768066406,141.54955055947207,139.1807654476743,139.1907280254641,20146300,GOOGLE
2023-10-12,139.62864685058594,141.70880584347444,138.7926103716341,141.48984173895988,18173100,GOOGLE
2023-10-13,137.92672729492188,140.67371102020667,137.3196022644556,139.98696129217092,19438700,GOOGLE
2023-10-16,139.82769775390625,140.24073464987322,138.66321527157146,139.071270879092,17345600,GOOGLE
2023-10-17,140.32534790039062,140.5841167364959,137.87595104832158,139.369866867257,17424000,GOOGLE
2023-10-18,138.62339782714844,141.32062888762496,138.05111155916907,140.08646909229705,18304900,GOOGLE
2023-10-19,138.3248291015625,140.34029214619687,137.94663078943668,139.14097082318807,21831200,GOOGLE
2023-10-20,136.09539794921875,138.38454334477072,135.60272110702797,137.9366677320261,24953900,GOOGLE
2023-10-23,137.24990844726562,138.3646388922732,134.47306769281525,135.58778295096647,20780700,GOOGLE
2023-10-24,139.45945739746094,140.04668762868056,138.09592055519693,138.50399142474643,26535200,GOOGLE
2023-10-25,126.07286834716797,129.48670702259034,125.49560067885912,129.1582608395771,58796100,GOOGLE
2023-10-26,122.85808563232422,124.86855967349787,121.74336276593957,123.883228825173,33907400,GOOGLE
2023-10-27,122.81827545166016,123.85337364723375,120.88741847208745,123.44530280374534,37367700,GOOGLE
2023-10-30,125.15719604492188,125.95342776488519,123.29600876572896,123.87327638303094,24165600,GOOGLE
2023-10-31,124.70932006835938,125.96337477235224,123.34080202432419,125.67474096458068,21123400,GOOGLE
2023-11-01,126.96862030029297,127.13781707865934,124.33609247029821,124.74912943118413,26536600,GOOGLE
2023-11-02,127.97386169433594,129.476737922561,127.50607611059127,128.9492376152502,24091700,GOOGLE
2023-11-03,129.75540161132812,130.1137050977592,128.4018123500169,128.48143703443003,19517900,GOOGLE
2023-11-06,130.830322265625,130.93980431686748,129.31748351759907,129.606124919446,15360400,GOOGLE
2023-11-07,131.7758331298828,132.651689488922,130.52177849595893,131.35781491857486,19223800,GOOGLE
2023-11-08,132.63177490234375,132.91045370017852,131.53696967852298,131.7360237931399,15093600,GOOGLE
2023-11-09,131.06919860839844,133.32850178489792,130.89003925468984,132.73132418834552,17976500,GOOGLE
2023-11-10,133.4280242919922,133.63704101159271,130.2530598656544,130.9099521994189,20872900,GOOGLE
2023-11-13,133.00999450683594,133.47778005060607,132.14410071540684,132.73131569610345,16409900,GOOGLE
2023-11-14,134.7915496826172,136.5930297519878,134.46311873042313,135.01051377531735,22317300,GOOGLE
2023-11-15,135.73709106445312,136.19491405749716,134.69203786932476,135.99585992196248,15840900,GOOGLE
2023-11-16,138.046142578125,138.22530192598109,135.43849854453342,136.31435494103724,17615100,GOOGLE
2023-11-17,136.29446411132812,137.34946481698145,134.84133990278568,137.17032063082542,25565300,GOOGLE
2023-11-20,137.2698211669922,137.77244537575424,134.85128386660017,134.86123125772718,19569400,GOOGLE
2023-11-21,137.96652221679688,138.30989705634093,137.0558423294347,137.28973511598127,17648100,GOOGLE
2023-11-22,139.35992431640625,140.43483482094024,138.34472853098143,138.44426318740094,17306400,GOOGLE
2023-11-24,137.5684051513672,139.01853729789786,136.82194079778367,138.88217451650897,8828600,GOOGLE
2023-11-27,137.3992156982422,138.97176917589266,136.89161019120684,136.9214827388474,17886400,GOOGLE
2023-11-28,137.96652221679688,138.00634215617256,136.39396872231362,136.9811989266767,17046900,GOOGLE
2023-11-29,135.75698852539062,139.0115776189309,135.65248775987334,138.32980921817492,21014700,GOOGLE
2023-11-30,133.28866577148438,136.31434295507702,132.1639880145796,135.75697017831132,29913500,GOOGLE
2023-12-01,132.6915283203125,132.87067249915876,131.52901988879793,132.6915283203125,24258400,GOOGLE
2023-12-04,130.0142059326172,130.8303324982828,128.78999330383172,130.67507724826325,24117100,GOOGLE
2023-12-05,131.76589965820312,132.91047236815325,129.118435520067,129.75541788842193,19235100,GOOGLE
2023-12-06,130.81040954589844,132.68155176893464,130.69098010591114,132.27348093316925,16360600,GOOGLE
2023-12-07,137.79733276367188,139.34002897902553,135.58779680348442,135.95606292142094,38419400,GOOGLE
2023-12-08,135.995849609375,137.3394914993453,134.9309017122483,135.02047378841806,22990900,GOOGLE
2023-12-11,134.0649871826172,134.15455925506814,132.26352240911257,133.18914605167143,24502900,GOOGLE
2023-12-12,133.00999450683594,133.90574565749662,132.20381543387006,132.6417436184086,26584000,GOOGLE
2023-12-13,133.33847045898438,134.14464971220747,132.32327445754885,133.91075688802525,25414500,GOOGLE
2023-12-14,132.57208251953125,134.39843887890282,130.44217124193221,134.134688715562,29619100,GOOGLE
2023-12-15,133.20904541015625,134.19438380154608,132.00475811864672,132.29338431319312,58569400,GOOGLE
2023-12-18,136.5432586669922,137.72765117577347,133.1393831198481,133.22895519525449,25699800,GOOGLE
2023-12-19,137.44898986816406,138.11582960360928,136.8020449163266,137.3494552026944,20661000,GOOGLE
2023-12-20,139.0016326904297,142.40351917381773,138.75281121497935,139.6684724222137,33507300,GOOGLE
2023-12-21,141.1315460205078,141.36045752902064,139.81080573991832,140.10640274129122,18101500,GOOGLE
2023-12-22,142.04721069335938,142.5747110270623,141.3853370380521,141.4599956331026,18494700,GOOGLE
2023-12-26,142.146728515625,143.26642506638242,141.82822976260738,142.3059627052774,11170100,GOOGLE
2023-12-27,140.7732391357422,142.6443814743756,140.38606539068408,142.15668591953715,17288400,GOOGLE
2023-12-28,140.61398315429688,141.59932160943023,140.16411808258158,141.1813033763952,12192500,GOOGLE
2023-12-29,140.26564025878906,140.7682645183707,139.24049695536024,140.016818773746,14872700,GOOGLE
2024-01-02,138.90208435058594,139.95211877077642,137.09067208480704,138.941904287378,20071900,GOOGLE
2024-01-03,139.69833374023438,140.4248882168035,137.77742399819624,137.94663597072886,18974300,GOOGLE
2024-01-04,137.38925170898438,139.97201969823868,137.3593943485074,139.19073184994926,18253300,GOOGLE
2024-01-05,136.74232482910156,138.15562893957002,136.2048771424727,137.69979542310543,15433200,GOOGLE
2024-01-08,139.8675079345703,139.97698997665955,137.2300067208601,137.34943615337357,17645300,GOOGLE
2024-01-09,141.887939453125,142.1268135094218,139.13099356909962,139.3997249840765,19579700,GOOGLE
2024-01-10,143.1221160888672,143.8436892574364,141.78843662182845,141.8481513461947,16641900,GOOGLE
2024-01-11,142.9927215576172,145.9686318269066,141.54457876966245,144.21195284389037,17471100,GOOGLE
2024-01-12,143.56002807617188,144.05767097207072,142.68417171959598,143.65954754323806,13995200,GOOGLE
2024-01-16,143.40078735351562,145.15248498546094,142.38161257583326,142.7538424377146,19198900,GOOGLE
2024-01-17,142.21640014648438,142.7339530613565,139.84761486962495,142.23631011659492,17884500,GOOGLE
2024-01-18,144.3065185546875,144.89871492300549,142.6742501680011,142.76382226063944,18876800,GOOGLE
2024-01-19,147.27244567871094,147.34210778973952,145.1126772471203,145.61528626488587,27170900,GOOGLE
2024-01-22,147.01368713378906,149.3078138461343,146.88429510685154,148.00897303488966,21829200,GOOGLE
2024-01-23,147.9790802001953,148.15823953499927,146.49611413043706,147.02361437075928,14113600,GOOGLE
2024-01-24,149.6412353515625,150.85548531754347,149.133629842608,149.5815054429125,19245000,GOOGLE
2024-01-25,152.9157257080078,154.03044106087503,150.50713564235818,151.02468856484268,21495100,GOOGLE
2024-01-26,153.0650177001953,153.3835164900002,152.07969434131007,152.14935645979352,19494500,GOOGLE
2024-01-29,154.11007690429688,154.46838046319007,152.19912965248616,152.91573677027253,20909300,GOOGLE
2024-01-30,152.32852172851562,154.30913110200262,152.05480897288476,153.2839877612383,26578900,GOOGLE
2024-01-31,141.1315460205078,144.90367296245176,140.8827245413415,144.70461881649027,43908600,GOOGLE
2024-02-01,142.03726196289062,143.93824654999406,141.5893711442408,143.012637923415,25526900,GOOGLE
2024-02-02,142.8633270263672,143.20173576400992,137.51864676692574,140.22582554692482,42116900,GOOGLE
2024-02-05,144.2467803955078,145.97858335516779,143.2315996965748,143.36097653848321,29254400,GOOGLE
2024-02-06,144.72450256347656,146.0482344152079,143.83869886562388,145.27191275582487,21517700,GOOGLE
2024-02-07,145.988525390625,146.30702416148435,144.52546912091884,145.4311677284784,21436100,GOOGLE
2024-02-08,146.5260009765625,146.9141618954231,145.72976916722166,146.27717948532216,18241300,GOOGLE
2024-02-09,149.5118408203125,149.98460767133366,146.73498480868986,147.25253770030403,21877700,GOOGLE
2024-02-12,148.0288543701172,149.88008658545624,147.85965760472433,148.835033446871,17236100,GOOGLE
2024-02-13,145.67999267578125,147.34211831038104,144.42593790601492,145.38141905454472,18138500,GOOGLE
2024-02-14,146.44638061523438,147.1331303812992,144.8688456318203,146.6752921416363,16651800,GOOGLE
2024-02-15,143.26145935058594,144.07758591691123,141.21117276244362,143.77901228707154,26724300,GOOGLE
2024-02-16,141.0917205810547,143.79889938383792,140.85286168995205,143.53018313134746,21849700,GOOGLE
2024-02-20,141.52963256835938,142.65330800872974,140.13623857384684,140.2755779732981,18625600,GOOGLE
2024-02-21,143.1619110107422,143.30125042031312,141.24101663688162,141.9675710448689,16499600,GOOGLE
2024-02-22,144.63494873046875,145.5107899618142,143.33111149451477,145.43116527044518,23024700,GOOGLE
2024-02-23,144.60507202148438,145.26694560519326,144.10742910489103,144.28658845203006,14519400,GOOGLE
2024-02-26,138.09591674804688,143.16191826534566,138.08596935645082,142.77375737709573,33513000,GOOGLE
2024-02-27,139.43954467773438,139.8277055267567,137.84708134557027,138.7527950555743,22364000,GOOGLE
2024-02-28,136.78211975097656,138.62340454961648,135.99585065379915,138.44426039590113,30628700,GOOGLE
2024-02-29,139.1210479736328,139.29024473728862,136.92147485925113,137.69779656866302,35485000,GOOGLE
2024-03-01,137.4290771484375,139.3400242297367,137.32457638258526,138.95186334114246,28522000,GOOGLE
2024-03-04,133.56735229492188,135.9859047036927,132.23367295805892,135.89631743902993,43571500,GOOGLE
2024-03-05,133.14935302734375,133.38822712234597,130.92986961364292,132.11426232271748,28447600,GOOGLE
2024-03-06,131.93508911132812,134.10482014941,131.32796413873504,133.60717722718147,23175200,GOOGLE
2024-03-07,134.6024627685547,135.17973037946277,132.0346234732147,133.25882080682047,24107300,GOOGLE
2024-03-08,135.64749145507812,138.3297939056758,134.1645253714185,134.39841813578073,26472400,GOOGLE
2024-03-11,138.2850341796875,139.32012489936827,136.42385428799162,136.42385428799162,22536400,GOOGLE
2024-03-12,138.96180725097656,139.61869956501798,137.55846572697882,137.59827047925845,19019700,GOOGLE
2024-03-13,140.1063995361328,141.51970368304296,139.34997253718265,139.39973986924898,19637000,GOOGLE
2024-03-14,143.6595458984375,144.0477067453202,140.81800924770826,141.62916958863315,36117900,GOOGLE
2024-03-15,141.49978637695312,143.659554832315,140.46469578318113,142.73394628866993,41025900,GOOGLE
2024-03-18,147.78004455566406,152.20906372462022,147.44165099822862,148.6658483894553,47676700,GOOGLE
2024-03-19,147.2227020263672,148.91468517438577,146.3169881293415,148.27770274736022,17748400,GOOGLE
2024-03-20,148.97438049316406,149.05400518452484,146.9688800892644,148.08857668370393,17730000,GOOGLE
2024-03-21,148.03883361816406,150.5917292530754,147.31226396001364,149.6113871985433,19843900,GOOGLE
2024-03-22,151.05455017089844,151.84081937505945,149.38246190776258,149.53176390969617,19226300,GOOGLE
2024-03-25,150.4374542236328,150.74201145898448,148.09854152495535,150.2384000856177,15114700,GOOGLE
2024-03-26,150.98486328125,152.4777920846642,150.3180235714812,150.52704028617632,19312700,GOOGLE
2024-03-27,151.22372436523438,151.97018870281173,149.4222595271113,151.42775977326156,16622000,GOOGLE
2024-03-28,151.54222106933594,151.95029192080196,150.61661250010812,151.28345221045504,21105600,GOOGLE
2024-04-01,155.76222229003906,156.25986517275484,150.93508025295378,151.11423958789635,24469800,GOOGLE
2024-04-02,155.13519287109375,155.25463749422124,152.73656563379188,154.02047763427774,17598100,GOOGLE
2024-04-03,155.63284301757812,155.8120023671829,153.40540191838465,154.18968157696656,17266200,GOOGLE
2024-04-04,151.22372436523438,155.44372636741727,151.1640096481251,154.34892111775065,24184800,GOOGLE
2024-04-05,153.21432495117188,154.11007625117927,150.3687936097494,150.9649689349857,16289800,GOOGLE
2024-04-08,155.4039306640625,155.91650226489386,153.26407217985934,153.2889482511509,16641500,GOOGLE
2024-04-09,157.39450073242188,159.1362509369547,155.90157198567948,156.6082316080211,21538100,GOOGLE
2024-04-10,156.91676330566406,157.41440620703668,155.46363935143927,157.1357273972165,16339200,GOOGLE
2024-04-11,160.03201293945312,160.36045910838484,157.18549466223584,157.59356552547138,17841700,GOOGLE
2024-04-12,158.43955993652344,160.93772200076836,157.8523449185831,158.65354275354042,16968200,GOOGLE
2024-04-15,155.59304809570312,160.0718346896375,155.41388873477973,159.5244244018962,21140900,GOOGLE
2024-04-16,155.26458740234375,156.48878470454247,154.3190689138674,154.90628390086408,15413200,GOOGLE
2024-04-17,156.14044189453125,157.93294652593653,155.39894364299892,156.44897806407823,16237800,GOOGLE
2024-04-18,156.7177276611328,157.73788965449194,155.47362026100805,156.1852460490335,14016100,GOOGLE
2024-04-19,154.98590087890625,157.2452038227053,153.18443607022257,157.0063297713161,20063900,GOOGLE
2024-04-22,157.2053985595703,158.43457720422234,154.92620062224327,155.2745415611511,17243900,GOOGLE
2024-04-23,159.16610717773438,159.72346480936866,157.2203215690728,157.84237520917472,16115400,GOOGLE
2024-04-24,160.34056091308594,160.6291871352953,158.0713103277153,158.340026580058,19485700,GOOGLE
2024-04-25,157.2053985595703,157.53384471581393,152.04783561586922,152.63704010672708,36197800,GOOGLE
2024-04-26,172.87120056152344,175.58832666155163,170.59198747560998,175.16036103860196,56500800,GOOGLE
2024-04-29,167.10848999023438,170.5720957211152,166.27245351182466,169.96497073841974,35914600,GOOGLE
2024-04-30,163.86386108398438,169.06920180643567,163.72452167301353,166.59094976939298,29420800,GOOGLE
2024-05-01,164.7894744873047,168.0141907067172,164.12261964783139,165.39658423594474,25223200,GOOGLE
2024-05-02,167.66586303710938,167.73552515030133,164.9089169463527,165.8842928390392,17041100,GOOGLE
2024-05-03,168.193359375,169.04930580388765,164.20225344161207,168.7407544368837,22767100,GOOGLE
2024-05-06,169.02938842773438,169.09905053623592,167.09853155507523,168.42226348516482,15147900,GOOGLE
2024-05-07,172.16456604003906,172.65226164167788,169.1986180466015,169.31804750542776,21102400,GOOGLE
2024-05-08,170.35313415527344,171.09859622958308,169.71814128050192,169.94506330132936,14569900,GOOGLE
2024-05-09,170.7711639404297,171.62711045897458,169.128933022191,170.3431830877281,11937700,GOOGLE
2024-05-10,169.4872283935547,170.53228162077622,167.11845829029107,168.89006596861205,18740500,GOOGLE
2024-05-13,170.09434509277344,170.14411242247,164.97857644921768,165.06517190662683,19648600,GOOGLE
2024-05-14,171.1195068359375,171.96550597184986,169.61663051218866,170.78111325631593,18729500,GOOGLE
2024-05-15,173.06031799316406,173.2255358178519,171.21903299446922,171.48776444109586,20958200,GOOGLE
2024-05-16,174.60301208496094,175.5087259711052,173.229527760386,173.77693808645444,17247300,GOOGLE
2024-05-17,176.45420837402344,176.65824378032863,174.15510066358578,174.7224208450474,16546400,GOOGLE
2024-05-20,177.61871337890625,179.10167952493552,176.38953478885657,176.47412557856433,17495100,GOOGLE
2024-05-21,178.69361877441406,178.97231279047915,176.474135532202,177.55899348782262,14706000,GOOGLE
2024-05-22,177.160888671875,178.00887723264987,175.94663866940007,177.55899695369803,16189400,GOOGLE
2024-05-23,174.2347412109375,179.06188373408688,173.71718830847908,177.93720584610716,14928400,GOOGLE
2024-05-24,175.498779296875,176.46818687286654,174.37410127570018,175.6878860636416,11400600,GOOGLE
2024-05-28,177.1807861328125,177.66846646558616,174.85180576931893,174.9115356755471,15655300,GOOGLE
2024-05-29,176.56370544433594,177.3897945303486,175.42908017169887,175.976490431931,15023800,GOOGLE
2024-05-30,172.7418212890625,175.8570710684257,172.41337511409716,175.8570710684257,18844000,GOOGLE
2024-05-31,173.1399383544922,173.59776135461897,170.16402810623885,172.5825655047724,28085200,GOOGLE
2024-06-03,173.5977783203125,175.03099255737388,171.63706373028532,173.06033057484387,20742800,GOOGLE
2024-06-04,174.30442810058594,174.36414282591306,172.40342834776362,173.62762577754341,14066600,GOOGLE
2024-06-05,176.23529052734375,177.13104180796205,174.4636675637188,175.70280889903276,15233900,GOOGLE
2024-06-06,177.50924682617188,177.86755035862805,176.37462150453698,176.59357043122796,14255800,GOOGLE
2024-06-07,175.12054443359375,178.5741875907091,174.9612950507807,177.61872166754497,14716300,GOOGLE
2024-06-10,175.99737548828125,177.8307815768541,173.75543423310572,175.81801228171585,17122200,GOOGLE
2024-06-11,177.5518035888672,177.75108423529036,174.81165288916708,177.08348570749644,14402400,GOOGLE
2024-06-12,178.91690063476562,181.42787947273285,177.14327694877989,179.10622257947298,18600400,GOOGLE
2024-06-13,176.10699462890625,177.87064426133762,176.0272793318939,177.2030457535148,15956900,GOOGLE
2024-06-14,177.7311553955078,178.0898666483664,175.22218357185352,175.22218357185352,12361600,GOOGLE
2024-06-17,178.1396942138672,179.27561067019667,175.85790258992213,176.3461379133103,15272900,GOOGLE
2024-06-18,175.8180389404297,178.26923510757547,174.99100977195764,178.14965455035454,15640300,GOOGLE
2024-06-20,177.0735321044922,178.09984190710827,175.82800902324556,176.07711363949488,16753200,GOOGLE
2024-06-21,179.6143798828125,181.8583130820366,177.42226238783712,177.85073021689615,59728000,GOOGLE
2024-06-24,180.14248657226562,181.4278748991179,179.58449466770367,180.6307370908269,18198300,GOOGLE
2024-06-25,184.91534423828125,185.08473355620472,180.45636543703452,180.49623069074562,18917700,GOOGLE
2024-06-26,184.70606994628906,185.26406180555398,183.33102292285417,183.5402622680096,13375700,GOOGLE
2024-06-27,186.1907501220703,186.82845731487285,184.78579647406917,184.98010536766324,13025700,GOOGLE
2024-06-28,182.7630615234375,185.9117473236654,182.66840055888895,185.05482688953091,23032400,GOOGLE
2024-07-01,183.82925415039062,184.67620075111873,182.07554786344363,183.81928023476226,11815900,GOOGLE
2024-07-02,185.941650390625,186.2804290197841,182.4043617984991,182.8128970182058,12555500,GOOGLE
2024-07-03,186.71884155273438,186.9480135253479,184.72101781483107,185.63274915628548,7409100,GOOGLE
2024-07-05,191.27249145507812,191.5714048253656,186.6491104769195,186.6491104769195,14303400,GOOGLE
2024-07-08,189.79779052734375,190.99250141053892,188.6419566291613,190.67963062540326,12097600,GOOGLE
2024-07-09,189.7579345703125,192.16926542683404,189.54868000321284,191.06324032448242,10198500,GOOGLE
2024-07-10,191.96998596191406,192.61765188536268,189.9372837700379,190.06682303638334,12052900,GOOGLE
2024-07-11,186.62918090820312,191.7208798554092,186.15090430376924,190.65470480345505,16452000,GOOGLE
2024-07-12,186.1110382080078,188.01420111013582,185.4733310036047,186.25053618384166,14449100,GOOGLE
2024-07-15,187.5159912109375,189.21985825223288,185.82208288068784,185.82208288068784,12186000,GOOGLE
2024-07-16,184.83563232421875,189.6582942302075,184.45698842771773,188.28324703475073,12760100,GOOGLE
2024-07-17,181.9659423828125,184.5665952870992,180.96952387855154,184.0185620689277,17376600,GOOGLE
2024-07-18,178.578125,183.39082818525517,177.57174778728617,182.88264501899772,17877200,GOOGLE
2024-07-19,178.74749755859375,181.31825887509234,178.21939701881587,179.7239833410327,14485900,GOOGLE
2024-07-22,182.69332885742188,183.63992334392967,181.2485099418617,181.69691040759497,16303900,GOOGLE
2024-07-23,182.94244384765625,184.55663696261976,182.6734065937824,183.18157455853097,23772600,GOOGLE
2024-07-24,173.7454833984375,177.31266333834552,172.94836078735528,174.7618344929483,31250700,GOOGLE
2024-07-25,168.55413818359375,174.57249855802573,168.4445315527349,173.62590413013808,28967900,GOOGLE
2024-07-26,168.07586669921875,169.23171581795833,165.27096136954532,168.1655559201212,25150100,GOOGLE
2024-07-29,170.51710510253906,171.54341495524503,169.11215134932957,169.88935657362845,13768900,GOOGLE
2024-07-30,171.24447631835938,172.33056878553097,169.51070273282616,171.2145849810346,13681400,GOOGLE
2024-07-31,172.52984619140625,175.27997080668484,171.10497512525495,174.29351108109944,15650200,GOOGLE
2024-08-01,171.8323516845703,175.05077889023,169.89929753739804,171.36403381575482,17177800,GOOGLE
2024-08-02,167.796875,169.60040531754547,165.794079220675,167.58763562223334,18907800,GOOGLE
2024-08-05,160.06466674804688,165.3456878229132,156.0391427100353,156.8063740057358,34907800,GOOGLE
2024-08-06,159.9650115966797,161.76854176630374,157.56365468246898,160.36857505755367,36146500,GOOGLE
2024-08-07,160.1742706298828,164.19979459850455,159.66610267866855,162.65535811810648,19334200,GOOGLE
2024-08-08,163.25318908691406,164.90724730098054,161.4496741925987,161.7625449521268,15733600,GOOGLE
2024-08-09,164.7976531982422,164.92719246706665,160.35362004988897,161.06607082428397,13549200,GOOGLE
2024-08-12,163.36280822753906,166.10295907223568,162.96424691360264,165.40048221300762,12435000,GOOGLE
2024-08-13,165.33570861816406,165.9435244900484,164.1798747537791,164.59338172697963,12717600,GOOGLE
2024-08-14,161.44969177246094,164.36920594570728,158.95864546948013,163.62189205481303,22515900,GOOGLE
2024-08-15,162.58560180664062,162.93435435683165,160.9116260556583,161.62904857869057,18392500,GOOGLE
2024-08-16,164.1499786376953,166.35205486717328,162.49592038476501,162.82474029317686,16853100,GOOGLE
2024-08-19,167.796875,167.86663159534905,165.49515061972522,166.4018951344214,13100800,GOOGLE
2024-08-20,168.35487365722656,169.79967741743286,168.05594507135712,168.1356603745316,12622500,GOOGLE
2024-08-21,167.02963256835938,168.03600974702022,165.97343142549687,166.39192535734017,15269600,GOOGLE
2024-08-22,164.8972930908203,168.81321026159983,164.43893391865004,168.43456638911738,19123800,GOOGLE
2024-08-23,166.83033752441406,167.34847938718525,165.06668777536825,165.95349960757738,14281600,GOOGLE
2024-08-26,167.32855224609375,168.77337124165066,165.72433304902341,167.5527524913739,11990300,GOOGLE
2024-08-27,165.78411865234375,167.6424294663076,165.56490536104474,167.0097091779591,13718200,GOOGLE
2024-08-28,163.91082763671875,166.79047621925304,162.69519596618224,166.18266038398477,15208700,GOOGLE
2024-08-29,162.8147735595703,167.02963467718953,161.40185288464895,165.46525036551398,17133800,GOOGLE
2024-08-30,164.51866149902344,164.68805082195226,162.8247530655951,163.63184962949015,18498800,GOOGLE
2024-09-03,158.04193115234375,162.794851421707,157.2896303563664,162.73008178971705,26533100,GOOGLE
2024-09-04,157.2447967529297,159.82551694837377,156.87612678333463,157.5088470400444,17410700,GOOGLE
2024-09-05,158.03196716308594,160.43831095253145,156.95583344724037,157.2148967624086,14139500,GOOGLE
2024-09-06,151.58514404296875,158.64974722214538,151.39083514674604,158.1216466586556,24999100,GOOGLE
2024-09-09,149.20054626464844,154.28897565317735,147.86359163991898,153.28127377468468,28057700,GOOGLE
2024-09-10,149.6694793701172,151.95428971091056,149.2035441865461,151.10621307846455,20401800,GOOGLE
2024-09-11,151.80462646484375,152.13387922005617,148.36246071366355,150.74703500975997,18991500,GOOGLE
2024-09-12,155.1869354248047,155.25678384046466,153.15157268835566,154.4585967034471,21024100,GOOGLE
2024-09-13,158.01051330566406,158.91345784103444,155.755648728388,156.0070756210139,16733900,GOOGLE
2024-09-16,158.62911987304688,158.8785524071565,157.25224741303262,157.9706143292006,14157600,GOOGLE
2024-09-17,159.9161834716797,161.22320750164613,159.0481631332768,159.7266123117633,12064800,GOOGLE
2024-09-18,160.44497680664062,161.26312280572637,159.29759326798978,160.48489453662953,16756500,GOOGLE
2024-09-19,162.86947631835938,164.6155040932057,162.15310375152245,164.4458917934048,17548200,GOOGLE
2024-09-20,164.2662811279297,164.37603204660826,162.8095885003916,164.14655838906322,46362700,GOOGLE
2024-09-23,162.69985961914062,166.23181758098326,162.58012165110702,164.96469605302332,15648400,GOOGLE
2024-09-24,163.2685546875,164.176492741931,161.6622086004887,163.87717066392423,18774100,GOOGLE
2024-09-25,162.62002563476562,163.84423017025003,162.4055021045772,162.6000667710883,13607900,GOOGLE
2024-09-26,163.4581298828125,165.12433738176023,163.1288771112858,164.65540300026643,18234500,GOOGLE
2024-09-27,164.91481018066406,166.59100475314528,163.4581326837826,163.5379529228678,13604300,GOOGLE
2024-09-30,166.8105010986328,166.9801133920327,164.26628624932783,164.40596785707794,14070100,GOOGLE
2024-10-01,168.03770446777344,170.05312356675083,165.5234203103271,168.47670815509065,18629500,GOOGLE
2024-10-02,166.9302215576172,168.49666513124245,165.87263008138385,167.37919706037525,12745000,GOOGLE
2024-10-03,166.83045959472656,167.52886763193206,164.994624608732,165.4436153407923,11004300,GOOGLE
2024-10-04,168.17738342285156,169.1651417037373,166.58102439541923,168.95561168385737,11422100,GOOGLE
2024-10-07,164.016845703125,169.51433291164238,163.7574413654542,168.7560635386529,14034700,GOOGLE
2024-10-08,165.32386779785156,165.72296895610333,163.9370236242508,165.0544764190507,11723900,GOOGLE
2024-10-09,162.6898651123047,165.8825983372775,160.75426631287192,164.48078878674917,19666400,GOOGLE
2024-10-10,162.80958557128906,163.93803021658485,161.27308796158508,161.7420223125794,12900500,GOOGLE
2024-10-11,164.1465606689453,164.89485824555993,162.1311415998337,162.95925941151893,10946000,GOOGLE
2024-10-14,165.972412109375,167.23951840464235,164.40596850811767,164.53567829588263,9981800,GOOGLE
2024-10-15,166.52114868164062,168.70618005069358,165.67308722562564,166.7606093878907,14829300,GOOGLE
2024-10-16,166.3615264892578,166.90029405802036,164.8409837085831,165.65313140202477,9968500,GOOGLE
2024-10-17,164.13658142089844,167.54881670544276,163.99689980892833,167.0000773025163,15113400,GOOGLE
2024-10-18,164.67535400390625,165.99234980298428,164.3760319327944,164.49575467157797,13091300,GOOGLE
2024-10-21,165.4236602783203,165.8427051102763,163.93204336640198,164.20642828942988,11384000,GOOGLE
2024-10-22,166.44134521484375,167.08986370041146,164.29621633151714,164.32614701705697,11958600,GOOGLE
2024-10-23,164.1066436767578,167.2195719618869,163.26156615464373,166.05221433986773,12754300,GOOGLE
2024-10-24,164.1565399169922,164.67536385635017,162.40054033844325,164.21640128996543,12764400,GOOGLE
2024-10-25,166.61094665527344,167.0200044057247,164.85493202249762,164.98963532280627,14566400,GOOGLE
2024-10-28,167.9578857421875,170.21874866254464,165.41367087628183,170.20277852548895,20858300,GOOGLE
2024-10-29,170.75152587890625,171.46989275694872,168.27715953462263,169.0005047106586,28916100,GOOGLE
2024-10-30,175.7401885986328,183.37281818194802,175.34608092530422,181.9959609227769,49698300,GOOGLE
2024-10-31,172.2980194091797,178.0150088186449,172.1683096199305,174.32341036482913,32801900,GOOGLE
2024-11-01,172.2581024169922,173.42546007693375,169.92341754541656,171.15062135368265,21752900,GOOGLE
2024-11-04,170.2925567626953,171.52974749911522,169.1002772755517,170.8512983761494,16194000,GOOGLE
2024-11-05,171.0209197998047,171.70635684531885,169.98327197206876,170.4422345159045,12518300,GOOGLE
2024-11-06,177.9252166748047,178.23451058056995,174.64267600746507,174.95198513738399,27061500,GOOGLE
2024-11-07,181.86624145507812,182.16556352998285,178.48393702420717,178.70343886419374,16730400,GOOGLE
2024-11-08,179.45175170898438,181.9361053506888,179.16241665392053,181.58689369622658,15021500,GOOGLE
2024-11-11,181.55694580078125,181.67169024189303,179.58144448419563,179.6612647183404,12503400,GOOGLE
2024-11-12,182.90390014648438,183.6072865116738,180.57918704795912,180.9683012011966,14065800,GOOGLE
2024-11-13,180.080322265625,182.2004988580566,179.71115175357687,181.7365427627674,13969700,GOOGLE
2024-11-14,176.94744873046875,180.03542477204525,175.6304376208683,179.34199500809183,17925800,GOOGLE
2024-11-15,173.4952850341797,175.4807733973284,172.35287981643725,175.24131269462887,21708900,GOOGLE
2024-11-18,176.39869689941406,176.50844782695492,174.0240942257961,174.55788351993363,18725400,GOOGLE
2024-11-19,179.17236328125,179.76102035391557,174.71849185468582,174.83722501844,15392900,GOOGLE
2024-11-20,176.92747497558594,178.7034332806034,174.93201483744025,178.42407007919522,15729800,GOOGLE
2024-11-21,168.85585021972656,175.18145549789298,164.93476294944196,175.05673923346154,38839400,GOOGLE
2024-11-22,166.19192504882812,167.88306980424588,165.33387647649843,166.780582207106,24497000,GOOGLE
2024-11-25,169.04541015625,170.0730862057209,167.02001919185565,167.60869154426803,21395700,GOOGLE
2024-11-26,170.2327117919922,171.10572566539952,169.04541048829364,169.10528708504503,14937500,GOOGLE
2024-11-27,170.43226623535156,170.75153195687213,169.2848674640083,170.29256940350413,12433400,GOOGLE
2024-11-29,170.10301208496094,170.48213917467183,168.36695621133114,169.67398022072197,9250700,GOOGLE
2024-12-02,172.5873565673828,173.2059596109549,169.88351639450627,169.93340594668766,16593400,GOOGLE
2024-12-03,172.6272735595703,173.92432578996255,172.11842144331467,172.727037439352,15721500,GOOGLE
2024-12-04,175.69029235839844,176.02951694382102,172.3578774269222,172.38780811245044,18239800,GOOGLE
2024-12-05,173.91433715820312,177.30662874705726,173.61501507328163,176.91751460390543,16145500,GOOGLE
2024-12-06,176.0894012451172,176.4376080962673,173.15607214175068,173.4853249211239,13319500,GOOGLE
2024-12-09,176.89846801757812,177.83738550391604,175.20039040791823,175.51503437960727,19887800,GOOGLE
2024-12-10,186.31773376464844,187.8160268138949,182.46212570826387,184.32500888640666,34317400,GOOGLE
2024-12-11,196.4861602783203,196.66594813117683,186.04803967773574,186.4875414177299,41664500,GOOGLE
2024-12-12,193.40965270996094,196.48115029218562,193.06004491560958,196.0766124040666,25197800,GOOGLE
2024-12-13,191.16221618652344,194.11883919838084,191.0423423812578,192.490704487651,18883200,GOOGLE
2024-12-16,197.93450927734375,200.41168291616427,193.88911488994594,194.14382959225733,32248600,GOOGLE
2024-12-17,196.8956756591797,202.64913062417182,196.46617230830898,198.30407475927043,24129500,GOOGLE
2024-12-18,189.93360900878906,198.46389928471683,189.0646039194836,196.60601529827326,27638400,GOOGLE
2024-12-19,189.484130859375,194.37856412730645,189.30434300339118,193.06005888438943,26981200,GOOGLE
2024-12-20,192.74041748046875,193.91406813278797,186.1579053424554,186.7971764103249,45319700,GOOGLE
2024-12-23,195.7669677734375,196.26639877064787,191.411928868106,193.80919155814604,15235900,GOOGLE
2024-12-24,197.34518432617188,197.44506138722352,194.97587425527323,195.94676829861982,6809800,GOOGLE
2024-12-26,196.87571716308594,197.93450850289778,195.6471058614473,196.5161262135814,7907900,GOOGLE
2024-12-27,193.81918334960938,196.5760523318792,191.75354348102763,196.24642603002408,14693000,GOOGLE
2024-12-30,192.47073364257812,193.55948963491522,190.14338320337714,190.64781342319387,12209500,GOOGLE
